stock price ,rate of return on total assets_ROA_A,net assets income rateA,operating profit ratio,Sales Margin rate,turnover of account receivableA,rate of stock turnoverA,velocity of liquid assetsA,turnover of total capitalA, liquidity ratio,quick ratio,asset-liability ratio,equity multiplier,Total Assets Growth RateA,net profit growth rateA,increase rate of business revenue,sustainable growth rate
21.61,0.121386,0.132871,0.290876,0.302877,1.973517,4.704993,0.628905,0.400777,7.907656,7.53594,0.086434,1.094612,0.074916,0.735358,0.404529,0.093065
11.56,0.146654,0.154035,0.459153,0.397007,2.378458,1.403312,0.544518,0.3694,15.521238,14.264261,0.047916,1.050327,0.125825,-0.135686,0.079896,0.108911
14.7,0.154913,0.208913,0.174533,0.152238,26.698053,3.314591,1.361672,1.017569,2.891113,2.308431,0.25848,1.34858,0.285072,2.94509,0.968384,0.167203
12.75,0.070378,0.080534,0.122215,0.195572,2.311944,1.824801,0.603102,0.359856,4.85521,4.095397,0.126114,1.144313,0.055495,0.05754,0.225008,0.07683
7.11,0.027733,0.033302,0.080283,0.067811,2.630343,3.51059,0.607223,0.408977,4.124295,3.634091,0.167224,1.200803,-0.028447,-14.120561,0.219988,0.001099
19.8,0.113251,0.127485,0.223832,0.218812,5.722892,3.772615,0.881164,0.517572,5.362788,5.021824,0.111658,1.125693,0.08164,-0.02654,0.145946,0.050509
7.6,0.048894,0.062979,0.062537,0.099726,1.977154,3.93387,0.814277,0.490279,2.692103,2.331279,0.223655,1.288088,0.149919,-0.029836,0.795078,0.032477
15.8,0.022363,0.030241,0.050407,0.032691,4.246438,270.264633,1.0254,0.684086,2.575957,2.569874,0.260502,1.352268,0.108455,-0.815395,0.051764,0.023099
19.51,0.10968,0.133462,0.172462,0.162072,2.210342,3.699228,1.076981,0.676733,4.169508,3.310071,0.178193,1.216831,0.107115,0.574077,0.16875,0.119214
21.09,0.094346,0.116051,0.153893,0.11101,19.053826,9.492863,1.85972,0.849889,2.459569,2.194427,0.187028,1.230054,0.120787,-0.426598,-0.117724,0.097893
7.99,0.108018,0.120312,0.263755,0.230086,4.243381,1.118564,0.681655,0.469467,15.204453,12.816127,0.10219,1.113821,0.112341,0.008254,-0.037862,0.066106
36.1,0.105608,0.119186,0.137974,0.127327,9.273221,48.381079,1.06311,0.829428,7.1407,7.036889,0.113922,1.128569,0.169431,1.673861,0.276546,0.091675
9.36,0.056675,0.06372,0.203986,0.206028,1.602844,1.632706,0.309422,0.275083,8.040535,7.237523,0.110568,1.124313,0.052024,0.022636,0.645028,0.038112
15.29,0.103119,0.121255,0.185754,0.166864,5.551914,5.059287,0.96204,0.61798,5.418673,4.758803,0.149569,1.175874,0.13311,-0.313765,0.056636,0.076946
21.07,0.053976,0.138431,0.082654,0.078601,3.242283,1.530058,0.72577,0.686711,1.550904,1.007888,0.610084,2.564657,0.393376,1.02457,0.399293,0.141507
8.95,0.024215,0.0689,0.059519,0.055305,2.109436,0.934034,0.613598,0.437839,1.236099,0.677524,0.648548,2.845341,0.164084,-0.102312,0.747997,0.073998
6.89,0.008937,0.037885,0.008941,0.006082,5.260607,3.932906,1.542999,1.469281,1.246531,0.826464,0.764106,4.239189,0.104715,-3.033293,0.217256,0.039376
8.71,-0.042929,-0.047434,-0.273657,-0.254631,0.684786,2.407702,0.198854,0.168593,8.925947,8.358244,0.094984,1.104953,-0.026782,30.436982,0.171056,-0.045286
38.46,0.110298,0.148415,0.141881,0.204235,2.961361,1.533301,0.809832,0.540056,3.374578,2.090268,0.256828,1.345584,0.194755,1.714267,0.19774,0.146401
7.38,0.051542,0.102689,0.085942,0.075047,1.177533,5.392332,0.818015,0.686803,1.721523,1.558131,0.498074,1.992324,0.219137,1.50093,0.451395,0.106046
34.52,0.144678,0.187999,0.251639,0.212068,3.5124,2.181219,1.254272,0.682228,2.89894,2.56847,0.23043,1.299428,0.280184,-0.204113,0.278682,0.204847
28.49,0.058171,0.113289,0.183302,0.173621,1.385389,0.977318,0.49623,0.335046,1.72388,1.291652,0.486525,1.947515,0.679526,2.845854,1.623423,0.075953
5.99,0.023484,0.039233,0.058552,0.061698,1.607779,3.216373,0.488224,0.380632,2.854307,2.545133,0.401421,1.670623,0.440145,-1.212577,0.304032,0.022054
6.47,-0.43657,-0.702594,-3.187434,-3.272294,0.677181,0.574304,0.206463,0.133414,1.710241,1.020579,0.378631,1.60935,-0.269945,10.668821,-0.878094,-0.412661
9.74,0.055769,0.062141,0.114489,0.140582,3.217493,4.311152,0.650931,0.396702,7.040851,6.440752,0.102544,1.114261,0.069494,0.140658,0.271666,0.051783
9.39,0.090293,0.109459,0.16933,0.146032,2.607645,8.794286,0.87244,0.618313,4.210305,3.910999,0.175093,1.212259,0.136028,-0.094692,0.182868,0.050934
32.56,0.023708,0.030593,0.087142,0.085228,3.500819,2.327135,0.532395,0.278176,3.190771,2.644484,0.225046,1.290399,0.282943,-0.371,-0.032288,0.014682
16.83,0.063434,0.071151,0.176271,0.151668,4.815401,4.009719,0.542585,0.418242,8.728896,7.846851,0.108461,1.121656,0.134287,0.054441,-0.040813,0.037608
13.19,0.03652,0.04631,0.130543,0.161838,1.171049,1.257185,0.34442,0.225657,4.060712,3.385158,0.211399,1.268068,0.034268,0.300623,0.264693,0.048558
11.68,0.006691,0.008646,-0.04847,0.019043,2.182217,25.955996,0.64762,0.35134,2.650519,2.62617,0.226197,1.292318,0.036826,-0.06595,1.496141,0.008722
27.9,0.096023,0.110983,0.225028,0.196333,3.738826,4.063552,0.651317,0.489081,5.714327,5.122337,0.134801,1.155803,0.10619,0.05263,-0.090911,0.080371
9.33,0.036272,0.05231,0.067722,0.095629,1.259823,1.28383,0.486531,0.379296,2.542705,1.805862,0.3066,1.442169,0.104932,0.68123,1.132699,0.045738
14.64,0.155143,0.170702,0.241917,0.219774,5.503563,3.753837,0.843478,0.705923,11.002088,10.601249,0.091146,1.100287,0.074828,-0.128819,-0.13889,0.084603
14.99,0.242253,0.304671,-0.08705,0.908108,0.948891,2.421558,0.357936,0.266767,5.417566,4.795341,0.204868,1.257653,0.293166,77.467026,0.655179,0.394371
12.66,0.068165,0.077191,0.143292,0.139883,4.217577,2.878699,0.874912,0.4873,7.050555,5.714701,0.116926,1.132409,0.103052,-0.433285,-0.063553,0.050846
10.99,0.017838,0.019293,0.032838,0.077132,5.745417,4.565908,0.405476,0.231271,14.623773,13.656189,0.075399,1.081547,-0.031371,-0.610757,0.267232,0.002995
13.77,0.074891,0.123964,0.117516,0.103069,34.12933,6.386191,2.28425,0.726617,0.815435,0.585173,0.39586,1.655245,0.632022,-0.070211,-0.095373,0.115478
8.15,0.050762,0.065041,0.119006,0.12107,2.026923,1.245311,0.444006,0.419277,4.378602,3.171346,0.219539,1.281294,0.159567,0.541407,0.184464,0.050329
17.06,0.054847,0.059838,0.138011,0.161015,2.059238,3.460971,0.523608,0.340633,12.970419,11.906664,0.083404,1.090993,0.0499,5.278744,0.467161,0.053674
8.46,0.063924,0.069128,0.249212,0.217052,8.515125,1.876457,0.382316,0.29451,11.167178,9.669657,0.075286,1.081416,-0.03838,-0.180243,-0.181618,0.002013
9.73,0.081365,0.095811,0.164674,0.152935,1.843045,3.850329,0.878129,0.532023,4.247072,3.666908,0.150773,1.177541,0.134169,1.06453,0.716814,0.070953
10.43,0.075832,0.090109,0.171366,0.193803,1.262667,1.329571,0.513165,0.391283,4.812427,3.651391,0.158442,1.188272,-0.011437,0.287633,0.455186,0.059931
11.12,0.039696,0.05019,0.124563,0.090328,3.706712,4.428043,0.692903,0.439463,3.496419,3.327419,0.209085,1.264359,0.061986,-1.239678,0.398137,0.052842
10.52,0.008542,0.008954,0.002755,0.038259,1.588635,3.145832,0.268416,0.223254,21.036678,20.028879,0.046025,1.048246,-0.023556,-1.514628,0.241758,0.006946
8.53,0.040789,0.041802,0.176497,0.159865,1.735045,1.885492,0.395958,0.255145,34.495281,29.988771,0.024243,1.024845,0.019375,-1.168015,-0.035062,0.03483
31.37,0.045502,0.056447,0.196367,0.169914,2.309603,4.577998,0.346574,0.267796,5.216848,4.912906,0.193896,1.240534,0.029381,0.506539,0.982605,0.038228
13.46,0.046186,0.092849,0.108929,0.089297,3.996996,3.119675,1.057543,0.517214,1.537926,1.113952,0.50257,2.010333,1.050074,0.560829,0.113648,0.086929
8.95,0.000679,0.001078,0.004426,0.001245,4.364444,1.492401,0.968998,0.545488,1.656592,0.849955,0.370325,1.588122,0.021307,7.637355,0.069685,0.001079
8.78,0.045663,0.054583,0.153806,0.13518,1.349406,1.192849,0.467112,0.337796,4.663466,3.658363,0.163423,1.195348,0.064467,0.433484,0.247848,0.035921
9.97,0.019198,0.022359,0.053107,0.040413,2.729212,2.287313,0.636202,0.475046,5.593263,4.402774,0.141388,1.16467,0.089624,-0.444179,0.065072,0.006866
5.1,0.058975,0.085857,0.249325,0.224528,3.828372,2.049301,0.754572,0.262661,1.561195,1.222307,0.313104,1.455823,0.317014,-0.721537,-0.004745,0.074073
9.26,-0.022815,-0.025758,-0.107803,-0.06454,1.775709,2.252597,0.434955,0.353497,8.019668,6.847123,0.11428,1.129025,-0.008867,82.415152,2.778049,-0.025112
11.86,0.075728,0.085537,0.164821,0.1387,5.285178,3.747249,0.801131,0.545982,7.009291,5.905053,0.114679,1.129534,0.058706,-0.068191,-0.047444,0.066092
7.34,0.030886,0.031324,0.087029,0.087846,3.463429,1.618023,0.519527,0.351599,57.277848,44.494104,0.01397,1.014168,-0.022541,-0.279311,-0.11151,0.014074
9.44,0.040545,0.054744,0.065592,0.051017,3.599905,5.125414,1.214186,0.794731,2.97167,2.375761,0.259369,1.350199,0.205062,0.046497,0.013269,0.04645
14.24,0.014344,0.020306,0.067096,0.068674,0.851191,0.751931,0.334445,0.208876,2.221206,1.587126,0.293579,1.415586,0.074969,-2.404501,0.037632,-0.011354
44.57,0.113253,0.147184,0.390706,0.336297,2.722749,7.886388,0.63271,0.336766,2.407969,2.297544,0.230533,1.2996,0.192362,15.607692,3.394673,0.161449
19.86,0.073879,0.133146,0.209137,0.222699,1.299935,1.796371,0.443005,0.331744,1.743255,1.514061,0.445129,1.802222,0.281261,0.607617,-0.137466,0.134767
10.35,0.015322,0.017625,0.00544,0.023754,5.237765,4.144202,0.968505,0.645017,5.373822,4.195289,0.130711,1.150366,0.062646,1.681098,-0.150872,0.008212
30.07,0.085271,0.089665,0.367186,0.40937,1.505542,0.814334,0.221424,0.208297,21.884517,20.682596,0.049006,1.051531,0.118146,4.90176,1.976399,0.085402
42.42,0.063995,0.073694,0.310584,0.325394,1.44323,1.902799,0.243663,0.196669,7.242387,6.833923,0.131616,1.151565,0.229411,10.162779,2.436404,0.059944
12.85,0.029775,0.032461,0.120583,0.096925,2.338285,2.624613,0.405503,0.307196,10.141596,9.143825,0.08276,1.090227,0.017182,0.584128,0.605955,0.033551
16.98,0.019016,0.020139,-0.051095,0.128358,2.491565,1.964785,0.164666,0.148149,17.299664,16.370879,0.055777,1.059071,-0.022347,-0.088452,0.386228,0.010282
14.15,0.056171,0.058856,0.24201,0.204873,6.186736,4.611831,0.309406,0.274176,20.774484,19.937062,0.045609,1.047789,0.012597,-0.315813,-0.018474,-0.012949
21.09,0.100299,0.105639,0.433633,0.512971,1.367121,1.480362,0.242365,0.195526,22.611123,21.717919,0.050548,1.053239,0.126035,0.024499,0.003412,0.086366
7.07,-0.022459,-0.032626,-0.09982,-0.071815,1.985175,1.220312,0.558379,0.312734,1.808571,1.117892,0.311614,1.452672,0.036874,16.524386,-0.129799,-0.031595
16.22,0.023416,0.032722,0.025951,0.025777,15.450378,4.262123,1.40742,0.908385,2.274046,1.68768,0.284401,1.39743,0.138215,38.338065,0.25378,0.017553
12.34,0.027088,0.032704,0.060001,0.046931,4.544377,7.526598,0.83505,0.577174,4.677158,4.22431,0.171744,1.207357,0.080088,-0.548434,0.373309,0.015553
21.81,0.046948,0.074164,0.051367,0.047724,6.398641,3.917914,1.527706,0.983754,1.754788,1.194764,0.366963,1.579686,0.28375,0.596327,0.25646,0.062528
11.99,0.00825,0.010501,0.042017,0.039081,1.29576,1.65716,0.356134,0.211114,11.219866,9.548628,0.214317,1.272778,0.218403,0.572399,1.108155,0.010612
11.59,0.035516,0.052023,0.068586,0.087499,11.955123,0.665009,0.502863,0.405901,2.644536,1.356268,0.317296,1.464764,0.128672,4.225595,1.387789,0.054877
7.61,0.019864,0.02632,0.03645,0.055139,2.799211,2.892798,0.43161,0.360257,3.40277,3.045722,0.245295,1.325021,0.137417,-2.155402,-0.031135,0.027032
6.72,-0.012957,-0.021676,-0.03884,-0.028757,1.540951,2.173178,0.730809,0.450581,1.555722,1.131174,0.402227,1.672875,0.007246,16.910048,-0.39296,-0.021216
10.29,0.005803,0.008075,0.027583,0.026523,1.591004,1.048373,0.504222,0.218808,2.42131,1.574285,0.281301,1.391403,0.141809,-6.918417,-0.161003,-0.011451
6.19,0.02286,0.032118,0.085376,0.076252,3.64331,4.311626,0.556258,0.299792,1.917323,1.755781,0.288258,1.405004,0.134795,-1.442567,0.248538,0.026713
13.5,0.026238,0.034082,0.08784,0.074682,2.466799,1.508077,0.536434,0.351322,2.886727,2.278057,0.230165,1.29898,0.052641,-0.596628,0.085279,0.02369
14.19,0.076567,0.090736,0.183157,0.207813,1.492955,3.176683,0.423876,0.36844,6.009718,5.587782,0.156161,1.18506,0.036335,1.282317,0.885645,0.068257
14.11,0.005207,0.006841,0.017917,0.017481,1.799739,0.901999,0.360183,0.29787,3.491415,2.503563,0.238905,1.313896,0.091366,-0.578998,1.359115,0.004694
11.21,-0.046687,-0.057003,-0.443951,-0.156855,1.169916,2.857466,0.406281,0.297646,4.602893,4.120723,0.180962,1.220944,-0.018835,10.565892,1.517271,-0.053928
10.84,0.121451,0.130324,0.445601,0.497969,1.428122,1.502962,0.333869,0.243892,10.72924,10.17145,0.068085,1.073059,0.057565,0.734152,0.380486,0.064927
16.14,0.074739,0.114229,0.11804,0.10396,4.165379,3.839859,1.094094,0.718919,1.912739,1.519864,0.345709,1.528372,0.099525,-0.330372,0.224964,0.044382
18.81,0.029947,0.035076,0.153897,0.136946,1.633549,0.872252,0.315324,0.218678,5.564242,4.699747,0.146219,1.17126,0.103921,-1.584514,1.052151,0.017787
9.38,0.058194,0.06228,0.283631,0.288197,1.396511,1.675084,0.288354,0.201925,16.889153,15.197448,0.065612,1.07022,0.015402,-0.095166,0.231641,0.029225
9.72,0.061623,0.073743,0.24073,0.220616,4.069285,3.319593,0.328594,0.279323,5.186867,4.827475,0.164352,1.196676,0.186388,1.274696,1.674027,0.062824
29.43,0.08518,0.113813,0.192471,0.172917,1.843303,4.85982,0.530347,0.492607,3.862952,3.585226,0.251577,1.336143,0.16326,13.887298,4.160886,0.109433
15.62,0.027708,0.046419,0.056825,0.06337,9.374763,1.42918,1.123378,0.43724,1.226936,0.408902,0.403089,1.675292,0.323751,-0.863402,0.129223,0.043803
9.03,0.014712,0.014942,0.040343,0.033779,8.484233,4.394527,1.12447,0.435546,29.704396,23.48459,0.015349,1.015588,0.004894,-1.484944,0.076418,0.009992
7.13,0.074996,0.078317,0.202084,0.188256,3.896382,3.280881,1.444481,0.398372,9.911707,7.435454,0.042412,1.04429,0.051663,-0.190986,0.012475,0.045087
8.51,0.049004,0.055176,0.097883,0.094309,9.530244,2.650839,1.482769,0.519619,3.59718,2.029545,0.111846,1.125931,0.051017,-0.130186,-0.034358,0.037534
14.9,0.054889,0.073156,0.200414,0.17432,2.257657,2.804338,0.962391,0.314876,1.412977,1.200387,0.249697,1.332796,0.430832,-0.127608,0.314414,0.07893
8.71,-0.117542,-0.316713,-0.305141,-0.291211,6.457219,4.82333,1.231187,0.403632,0.73866,0.567043,0.628869,2.694465,-0.144324,-7.326235,-0.81535,-0.240533
8.11,0.047764,0.056506,0.103056,0.094225,3.68589,2.433059,0.835096,0.506913,3.95075,3.264637,0.154709,1.183024,0.1662,-0.510696,-0.038189,0.042789
41.48,0.10263,0.113993,0.364737,0.336522,3.24129,1199.693574,0.354534,0.304971,8.629448,8.629157,0.099682,1.110719,0.144983,-0.103705,0.054578,0.078942
31.63,0.09503,0.125193,0.1738,0.156528,4.106095,2.615102,1.123692,0.607114,2.26177,1.603283,0.240927,1.317396,0.327869,-0.156032,0.258967,0.121459
11.94,-0.022687,-0.028391,-0.100961,-0.079103,1.232331,6.277023,0.362393,0.286799,4.155826,4.001597,0.200937,1.251466,0.080989,-64.120227,0.28319,-0.027608
7.69,0.02404,0.04533,0.043152,0.049628,3.103346,1.124125,0.601954,0.484404,1.852696,1.041459,0.469662,1.88559,0.232464,-0.235919,0.169944,0.037766
5.43,-0.125739,-0.257633,-0.557871,-0.497601,1.725379,4.919925,0.460779,0.252689,1.22346,1.117843,0.511948,2.04896,-0.037441,4.192345,-8.359269,-0.204856
22.38,0.08454,0.095571,0.242658,0.230967,3.408963,2.17514,0.572387,0.366024,7.470975,6.652524,0.115422,1.130482,0.07308,1.154934,0.234612,0.069942
7.01,0.032352,0.035382,0.07313,0.067436,3.72433,10.243052,0.842379,0.479746,8.661156,8.04548,0.085623,1.093641,0.016762,0.148907,0.162122,0.006892
9.72,0.014189,0.026832,0.02209,0.030152,3.725801,3.244611,1.00551,0.470598,1.034315,0.772905,0.47118,1.891001,0.436111,-0.535624,0.029317,0.027572
40.82,0.086615,0.091727,0.287365,0.285036,2.481698,1.500738,0.408555,0.303873,16.082877,14.14599,0.055732,1.059022,0.046565,1.10854,0.584051,0.042994
33.81,0.10768,0.118318,0.260702,0.268334,6.107903,3.653719,0.445152,0.401291,10.956936,10.318776,0.089914,1.098797,0.112359,-0.241533,-0.001209,0.033176
11.86,0.011834,0.015959,0.036213,0.036126,2.816247,1.572836,0.392682,0.327571,3.296616,2.637206,0.258497,1.348613,0.05415,-1.701701,0.006327,0.013982
8.54,0.050329,0.059223,0.104726,0.104469,5.295314,3.569213,0.619332,0.481762,5.345168,4.599248,0.150181,1.176721,0.002839,-0.345879,-0.198305,0.045211
19.77,0.07215,0.076967,0.178878,0.158016,4.193703,7.713863,0.585879,0.456601,13.854984,13.059614,0.06258,1.066757,-0.009117,-0.452257,-0.280416,0.004289
27.26,0.080166,0.114005,0.102044,0.080667,2.977503,5.579398,1.273969,0.993788,2.643125,2.156288,0.296816,1.422102,0.24552,-0.175034,0.087174,0.075094
5.73,0.02922,0.040241,0.080529,0.084728,2.346753,1.310514,0.454549,0.344869,2.840693,2.087233,0.273881,1.377185,0.215526,-0.924809,-0.008131,0.029633
12.13,0.049113,0.060965,0.077295,0.121513,2.516943,2.130647,0.436845,0.404182,4.955974,4.351466,0.194405,1.241318,0.100192,-0.21001,0.34466,0.058396
10.48,0.034493,0.06137,0.075667,0.061352,11.478089,1.210918,0.957321,0.562223,1.552752,0.616692,0.437946,1.77919,0.164409,-1.724567,0.130726,0.029594
13.36,-0.053799,-0.077834,-0.178923,-0.115504,2.851975,4.586451,0.753576,0.465776,2.085236,1.802641,0.308798,1.446754,0.1929,0.85134,-0.173543,-0.072213
7.91,0.06046,0.08429,0.047563,0.041209,6.099941,29.943984,1.930784,1.467134,3.097436,2.924184,0.282718,1.394152,0.05983,-0.954444,-0.138626,0.057543
23.78,0.007481,0.00922,0.014824,0.028246,1.454481,4.670442,0.429913,0.26486,3.266579,3.058594,0.188601,1.232439,0.150987,-3.412068,-0.052869,0.009306
15.49,0.046545,0.051091,0.201689,0.220464,1.256687,1.368526,0.256039,0.211125,10.404234,9.438241,0.088973,1.097663,0.08065,0.412951,0.543818,0.053842
9.52,0.040494,0.058663,0.043047,0.061533,13.908276,1.272382,1.069944,0.65809,2.090927,0.615699,0.309721,1.44869,0.277691,43.515074,0.489123,0.042392
25.14,0.071256,0.075066,0.315025,0.300199,2.219926,0.652505,0.286888,0.237364,16.302828,12.97946,0.05075,1.053464,0.020264,-0.703534,0.246343,0.064979
10.93,0.014658,0.016322,0.022341,0.061975,2.181151,1.764222,0.28558,0.236511,8.123356,7.176634,0.10195,1.113524,-0.011082,0.817532,-0.101264,0.016593
9.68,0.069799,0.087288,0.200038,0.184468,3.532868,1.298699,0.463856,0.378379,4.096425,3.110108,0.200364,1.250569,-0.036418,0.73511,-0.082626,0.073442
40.18,0.050639,0.071101,0.47231,0.419225,1.220745,0.324926,0.225214,0.120792,2.340802,2.14789,0.287781,1.404063,0.47994,0.470716,0.506365,0.060138
15.2,0.080159,0.087439,0.512567,0.437449,168.621613,137.538996,0.389256,0.183241,6.371485,6.366013,0.083262,1.090824,0.051721,-0.569829,-0.343643,0.06279
23.97,0.083064,0.106262,0.139657,0.11723,11.581839,3.288739,1.048362,0.708552,3.185994,2.537069,0.218312,1.279283,0.163029,0.025161,0.055835,0.096002
50.42,0.133202,0.145479,0.310987,0.262826,28.869962,1.864654,0.659638,0.506807,9.540602,8.304401,0.084388,1.092165,0.111162,-0.382966,-0.086627,0.083871
12.54,0.033735,0.03798,0.103896,0.072407,5.971217,3.656661,0.545492,0.465907,7.640963,6.855985,0.11178,1.125847,0.040263,0.965847,0.091555,0.019345
7.23,0.054833,0.057119,0.172997,0.153362,6.760752,4.265419,0.537339,0.357539,17.140664,15.832825,0.040018,1.041686,0.053315,-0.452313,-0.18312,0.043229
10.72,0.046407,0.049365,0.336104,0.294906,1.013327,2.08738,0.162534,0.157363,16.287365,15.687971,0.05992,1.063739,-0.02051,10.486836,1.431308,0.000549
16.99,0.048062,0.063991,0.083351,0.109388,2.027231,2.918692,0.731236,0.439372,2.652256,2.215728,0.248925,1.331424,0.203418,2.318618,0.929318,0.061543
10.64,0.084084,0.088846,0.378093,0.388885,1.041286,1.151228,0.304053,0.216218,13.289458,12.408468,0.053594,1.056629,0.005752,-0.318922,-0.305803,0.06574
18.1,-0.012272,-0.016281,-0.051853,-0.046814,1.634774,0.992515,0.375479,0.262148,3.190477,2.532844,0.246232,1.326668,0.075447,-1.943329,0.231929,-0.01602
38.14,0.046288,0.111747,0.100247,0.098415,2.484872,11.380535,1.13176,0.470337,0.832341,0.773845,0.585779,2.414168,0.730461,-0.024665,0.623816,0.110694
18.8,0.064861,0.094207,0.158491,0.139383,1.673965,2.748747,0.509005,0.465346,3.015463,2.627307,0.311499,1.452431,0.181644,4.453346,2.475308,0.07906
15.89,0.023257,0.043357,0.004037,0.065946,9.845557,0.980545,0.808162,0.352668,1.075585,0.339,0.463592,1.864254,0.163573,-0.912194,-0.536757,0.040688
9.32,0.042394,0.04368,0.112244,0.087849,7.977829,5.301796,1.200136,0.482578,14.97955,12.507391,0.029448,1.030342,0.055485,-0.229642,0.094082,0.031715
12.33,0.058307,0.068245,0.162674,0.164799,2.527351,3.883298,0.983881,0.353806,2.675927,2.256313,0.145618,1.170437,0.160575,0.47875,0.24029,0.035491
12.14,0.047712,0.05348,0.106115,0.096304,8.025602,2.366582,1.676378,0.49543,3.108608,1.511688,0.107851,1.120889,0.031788,-0.234427,0.003826,0.036429
7.22,0.051341,0.08327,0.164689,0.140128,2.15675,3.442435,0.821195,0.366387,1.20356,1.069045,0.383437,1.621893,0.326039,0.127693,0.400604,0.055461
3.44,0.014123,0.034971,0.026879,0.036146,6.094866,3.739364,1.227466,0.390736,0.807189,0.585848,0.596138,2.476091,-0.053854,2.660545,0.153888,0.036238
9.18,0.067685,0.079188,0.124552,0.119537,4.020482,3.021575,1.054428,0.566225,3.76699,3.108758,0.145261,1.169948,0.053727,-0.566747,-0.006534,0.061811
16.64,0.048631,0.063789,0.084485,0.081155,3.940915,2.376061,1.012437,0.599232,2.803924,1.955703,0.237626,1.311692,0.124522,-0.108277,-0.010879,0.04867
32.33,0.097051,0.129209,0.147776,0.131688,4.542136,3.028678,1.420313,0.736979,2.119243,1.445539,0.24888,1.331346,0.163465,0.190696,0.170526,0.129357
6.26,0.007825,0.011412,0.030535,0.020343,1.294896,5.780914,0.588785,0.38464,2.12061,1.979222,0.31432,1.458405,0.181735,3.055493,0.509185,0.008147
6.19,0.021561,0.048059,0.036339,0.043882,3.196857,0.966264,0.613634,0.491341,1.670362,0.795321,0.551361,2.228964,0.235148,0.107439,0.136493,0.043919
8.29,0.018346,0.036691,0.037656,0.034761,2.743317,5.844201,0.909598,0.527771,1.266802,1.111648,0.499978,1.999912,0.019741,0.210985,1.35091,0.038088
8.96,0.076497,0.089077,0.199679,0.202985,2.322331,2.693216,0.701527,0.37686,4.999854,4.470423,0.141224,1.164448,0.11701,1.042322,0.260446,0.071435
7.25,0.048848,0.054006,0.090504,0.080693,3.674639,11.108414,1.176269,0.605358,6.961409,6.344534,0.095512,1.105598,0.050333,-0.166726,-0.125132,0.026832
8.91,0.014731,0.034786,0.005535,0.024874,3.131349,5.990414,1.140024,0.592246,0.926363,0.780822,0.576518,2.361374,0.294148,-0.536195,0.156501,0.016463
45.17,0.050369,0.054556,0.191852,0.167074,2.609832,1.900998,0.44538,0.301475,12.6752,11.50263,0.076745,1.083125,0.033693,-1.04031,0.292043,0.021526
16.11,0.045244,0.066193,0.084928,0.08983,4.677914,1.672988,0.992651,0.503661,1.619721,0.913313,0.316491,1.463038,-0.027226,0.278404,1.096702,0.062197
37.96,0.149956,0.176004,0.297804,0.329767,4.862491,2.524384,0.524253,0.454735,6.237747,5.626846,0.147996,1.173703,0.27644,-0.132512,0.221272,0.059908
14.32,0.01505,0.020008,0.050701,0.053591,2.556184,1.327439,0.352035,0.280839,3.291032,2.596702,0.247789,1.329414,0.01277,-3.144496,2.232627,0.017129
9.61,0.054702,0.063249,0.07828,0.104629,5.669326,3.677686,0.691115,0.522816,5.822832,4.945923,0.135141,1.156258,0.028241,0.145683,-0.186661,0.058895
11.4,0.052433,0.056539,0.181342,0.15741,3.418935,2.641493,0.431848,0.333101,11.177165,9.862834,0.072608,1.078293,-0.00414,0.295457,-0.057242,0.007401
12.03,0.059324,0.081803,0.063484,0.055914,3.429009,6.646327,1.372676,1.060984,2.862969,2.364613,0.274802,1.378933,-0.026699,1.56886,0.442906,0.071966
12.1,0.029177,0.04237,0.067192,0.064295,2.900414,2.43137,0.774672,0.453791,1.989202,1.486048,0.311395,1.452211,0.221778,-0.698304,-0.033726,0.033569
29.52,0.043812,0.052986,0.044695,0.109962,2.735553,2.713758,0.457902,0.398425,5.341938,4.783019,0.173155,1.209417,0.022855,0.119798,1.309263,0.04379
10.6,-0.008063,-0.016285,-0.002392,-0.014016,5.657044,2.833312,0.997335,0.575257,1.772229,1.211735,0.504867,2.019659,0.202484,-3.141039,0.351401,-0.034075
12.34,0.026781,0.051223,0.050392,0.045366,8.717168,1.171014,1.006529,0.590343,1.478055,0.491318,0.477162,1.91264,0.085488,-1.832913,0.005497,0.031506
26.32,0.130076,0.150471,0.325732,0.297515,1.742223,0.997755,0.522747,0.437207,6.463615,4.632389,0.135541,1.156792,0.191286,-0.310407,-0.029424,0.159699
35.57,0.020131,0.026863,0.019115,0.031569,2.951239,4.821994,1.026088,0.637679,2.552277,2.13316,0.250596,1.334393,-0.079526,0.213608,0.254565,0.027604
5.7,0.041285,0.083114,0.055796,0.044643,3.054214,16.997604,1.276617,0.924767,1.486376,1.392219,0.503279,2.013202,0.530817,-0.535513,-0.344284,0.064471
22.82,-0.082244,-0.104572,-0.184939,-0.186249,2.268305,5.813762,0.808719,0.441582,2.557301,2.266266,0.213517,1.271483,-0.032834,-0.141181,0.721617,-0.094672
19.85,0.054322,0.06203,0.139359,0.179348,1.812416,1.419656,0.372992,0.302887,7.182285,6.253505,0.124261,1.141893,0.109092,0.29118,1.400706,0.054356
8.58,0.006536,0.010768,0.009711,0.00899,15.439475,1.528266,1.175417,0.727009,1.730044,0.572196,0.393014,1.647486,0.128711,-1.816138,0.611184,0.009036
24.91,0.055614,0.059763,0.249818,0.245784,2.066595,0.797922,0.334317,0.22627,9.748605,7.800261,0.069427,1.074606,0.044554,-1.033605,1.600901,0.053313
14.88,0.011749,0.013906,0.047496,0.050486,1.92105,1.889808,0.311369,0.232724,4.819732,4.244956,0.155075,1.183538,0.178844,0.124431,0.146636,-0.000155
9.99,0.078913,0.098105,0.200661,0.182784,1.748594,2.326488,0.535473,0.431729,4.144807,3.508558,0.195629,1.243207,0.08558,1.006375,0.01045,0.077799
42.63,0.000796,0.001661,0.006017,0.008372,0.984725,0.438896,0.216755,0.095031,1.432188,1.236122,0.521098,2.08811,0.378758,-0.822574,0.927848,-0.0014
22.94,0.089346,0.097023,0.561193,0.454921,153.993521,160.785162,0.536791,0.196398,4.623602,4.619096,0.079132,1.085932,0.080338,-0.468953,-0.192007,0.08636
23.43,0.091479,0.122008,0.133503,0.120565,12.666141,3.270122,1.351002,0.758757,2.267647,1.678673,0.25022,1.333725,0.197156,0.061168,0.126169,0.111317
30.9,0.171743,0.188862,0.339211,0.284492,37.096472,2.239256,0.797459,0.603684,8.67668,7.585821,0.090639,1.099674,0.166576,-0.43563,-0.221476,0.043758
24.7,0.049239,0.100053,0.140617,0.135667,3.94281,3.306363,0.842058,0.362941,1.470937,1.250352,0.50787,2.031982,0.178254,-0.01117,0.298027,0.067657
17.92,0.031948,0.037382,0.075466,0.062212,7.662443,3.89991,0.680002,0.513539,5.388595,4.717622,0.145368,1.170094,0.062958,-7.681547,1.923428,0.024011
9.16,0.054029,0.056745,0.153886,0.148158,8.485128,4.119739,0.598441,0.36467,12.913302,11.817945,0.047867,1.050274,0.054484,-0.477919,-0.285888,0.040315
13.64,0.041342,0.046768,0.284228,0.272447,0.915195,1.589059,0.154834,0.151743,8.479598,8.074251,0.116025,1.131253,0.061184,-13.21743,3.305114,0.00769
22.5,0.037282,0.04821,0.072628,0.057414,4.615665,9.084152,0.808248,0.649354,3.544208,3.287083,0.226682,1.29313,0.156026,-0.340015,0.06656,0.035778
9.73,0.021827,0.028614,0.086765,0.077904,0.998178,4.775305,0.441552,0.280173,3.040177,2.831067,0.237198,1.310956,0.211207,-0.709832,-0.048824,0.024565
11.92,0.054581,0.062728,0.15713,0.131877,10.003314,2.848027,0.457131,0.41388,7.128542,6.308462,0.129873,1.149257,0.050159,-0.353295,-0.015252,0.03278
20.23,0.076742,0.089213,0.167193,0.191566,4.283134,2.665596,0.529406,0.4006,5.958734,5.309728,0.139793,1.162511,0.05184,-0.089959,0.577958,0.045487
20.01,0.054757,0.068818,0.285129,0.268937,0.890103,7.257708,0.447183,0.203604,2.260911,2.192275,0.204324,1.256793,0.271106,1.824803,1.385738,0.0659
12.64,0.022169,0.031663,0.0494,0.037386,3.66158,3.595739,1.302998,0.592975,1.807764,1.475987,0.299845,1.428255,0.082487,-0.53595,-0.335324,0.017249
7.7,0.086767,0.098743,0.183238,0.177793,3.555344,3.540044,0.624656,0.488024,7.184881,6.338045,0.121282,1.138021,0.137265,-0.605435,-0.604785,0.068071
8.92,0.022592,0.031199,0.046938,0.042165,3.046835,6.503605,0.824385,0.535801,2.638828,2.38783,0.275864,1.380956,0.128563,2.227572,0.101042,0.022929
14.1,0.019925,0.02363,0.023982,0.049585,2.339104,2.418364,0.582045,0.401844,5.026178,4.195901,0.156766,1.18591,-0.011988,-0.342385,0.589391,0.005437
17.14,0.021534,0.027892,0.093548,0.089849,0.963751,1.44744,0.349921,0.239672,4.504938,3.960284,0.227944,1.295242,0.022447,-1.217167,-0.275191,0.018161
19.19,0.035721,0.038232,0.134171,0.170679,7.689866,0.624796,0.23821,0.209288,18.604089,15.971638,0.065686,1.070304,0.015776,-0.289689,-0.015837,0.026188
17.53,0.002566,0.00349,-0.009211,0.011998,1.321679,2.656885,0.283833,0.21383,2.939494,2.708219,0.264998,1.36054,0.258314,-2.025916,-0.152467,0.003503
8.5,-0.0514,-0.091721,-0.146338,-0.132609,1.958864,1.517073,0.687785,0.387608,1.862599,1.190459,0.439606,1.784458,0.139112,3.232146,-0.055749,-0.084015
32.82,0.073975,0.116081,0.315626,0.273735,6.043433,0.566025,0.301266,0.270243,2.525037,1.824539,0.362728,1.569189,0.176558,-0.113736,-0.08993,0.07986
15.23,0.056358,0.078481,0.136103,0.127592,1.612759,4.276866,0.558237,0.441709,3.003302,2.722197,0.281885,1.392534,0.161095,1.750106,0.766138,0.059647
11.84,-0.028616,-0.041932,-0.131354,-0.111129,2.074223,0.732186,0.384136,0.2575,2.182716,1.341748,0.317569,1.465349,0.033433,-42.18397,-0.606932,-0.040245
9.63,0.009263,0.010886,-0.025378,0.014508,7.0932,3.564023,1.570947,0.638451,2.937941,1.913215,0.149108,1.175238,0.004485,-0.963514,0.03486,-0.002774
3.72,0.015603,0.023856,0.031331,0.029018,8.381269,1.08652,0.838087,0.537691,1.854497,0.640297,0.345953,1.528943,0.302535,-1.786626,0.402204,0.017736
11.51,0.017359,0.046499,0.025423,0.02461,3.705233,3.958908,1.398973,0.70535,1.090244,0.787082,0.626684,2.678693,0.480238,-0.350526,0.121493,0.028117
18.49,0.093868,0.106302,0.193211,0.199423,2.63545,2.149733,0.657447,0.470701,6.563313,5.570933,0.116968,1.132461,0.215386,1.303674,0.925724,0.094455
7.31,0.040554,0.048468,0.237405,0.224288,1.706253,1.340084,0.265331,0.180813,10.839514,9.595312,0.163288,1.195154,0.14623,-0.146748,0.411262,0.034178
14.8,0.064674,0.067947,0.134173,0.123662,12.342094,3.162647,1.113239,0.522993,13.538187,10.007447,0.048173,1.050611,0.040402,-0.278965,-0.098773,0.05932
11.01,0.085994,0.104849,0.165231,0.19312,9.932334,1.43539,0.816868,0.445288,3.355591,3.104678,0.179829,1.219257,0.089923,-0.043591,0.079769,0.011784
34.5,0.130232,0.136499,0.416251,0.469257,4.404616,5.925328,0.280933,0.277529,25.512738,25.050958,0.045906,1.048115,0.136282,0.324113,0.142342,0.07783
12,0.034982,0.039403,0.047072,0.050764,10.417782,1.585244,1.005458,0.689125,6.225148,2.925291,0.112185,1.126361,-0.017445,-0.684088,-0.021648,0.041019
4.03,0.009043,0.016417,0.016126,0.037153,2.025194,1.281429,0.577139,0.243404,1.074923,0.684564,0.449169,1.815439,0.07491,-0.644988,0.033443,0.009281
7.58,0.092276,0.102387,0.244828,0.209279,3.341985,3.804082,0.605533,0.440921,8.596248,7.932425,0.098756,1.109577,0.121022,0.705388,0.59892,0.030506
23.08,0.039203,0.063215,0.094729,0.08442,6.584347,1.217907,0.580299,0.464383,2.108666,1.302503,0.379845,1.6125,0.129739,-0.672054,-0.223546,0.060842
17.76,0.060147,0.073897,0.120422,0.16106,3.119735,1.2697,0.578185,0.373447,3.799332,3.132179,0.186065,1.228599,0.127561,2.107381,1.089996,0.070752
9.63,0.020828,0.023935,0.072425,0.077176,4.490365,0.778274,0.454662,0.26988,5.876821,3.436526,0.129791,1.14915,0.061056,-1.819651,2.226096,0.015432
23.38,0.02415,0.029171,0.084966,0.102346,0.957222,1.207182,0.370585,0.235963,3.964319,3.195191,0.172131,1.207921,0.041774,0.291847,0.954043,0.013305
17.07,0.051142,0.061747,0.081578,0.078631,4.125796,6.144044,0.948386,0.650412,3.993308,3.512331,0.171739,1.20735,0.04561,0.045562,0.109394,0.055842
12.27,0.03186,0.035516,0.130279,0.116095,4.166369,2.024798,0.352797,0.274432,7.853219,6.935154,0.102936,1.114747,0.019715,-0.966812,-0.085889,0.012492
20.24,0.020713,0.022375,0.120962,0.107875,9.296365,1.531347,0.306751,0.192006,10.28464,8.894998,0.07431,1.080275,0.032471,0.664208,0.251387,0.002273
27.77,0.092961,0.103972,0.242741,0.235164,2.821922,1.670892,0.519418,0.3953,8.650162,7.138871,0.105904,1.118449,0.100959,2.182617,0.241513,0.116036
14.2,0.068895,0.083106,0.166858,0.138896,1.306859,8.752231,0.75997,0.496021,3.817016,3.599806,0.170993,1.206263,0.173393,-0.473406,0.306416,0.068383
10.32,0.059966,0.066181,0.113553,0.099159,2.749397,4.031943,0.773968,0.604744,9.80887,8.434952,0.093904,1.103635,0.021354,-0.247299,0.092787,0.009439
5.13,0.005447,0.008291,0.004342,0.013746,1.76251,1.36476,0.587481,0.396293,1.99322,1.391335,0.342955,1.521966,0.118442,-0.385652,0.225806,0.00836
39.92,0.218271,0.260261,0.289309,0.314685,2.370219,2.623621,0.847074,0.693617,5.262074,4.474433,0.161338,1.192376,0.33261,6.238541,2.918286,0.300473
14.11,0.066121,0.083052,0.058768,0.169175,1.373776,1.378879,0.555281,0.390846,4.534561,3.6048,0.203861,1.256062,0.058255,0.588213,0.194238,0.079642
20.74,0.069815,0.083389,0.139455,0.122744,5.001011,1.279583,0.726597,0.568785,5.611302,5.454224,0.162776,1.194424,0.095264,-1.284459,0.091379,0.06965
22.23,0.050674,0.081313,0.071648,0.069691,2.248836,2.259681,0.848628,0.727126,2.322836,1.748535,0.376803,1.60463,0.215316,-0.55886,-0.024373,0.065606
21.69,0.026134,0.028185,0.031759,0.073144,22.886673,3.237495,0.433012,0.357296,16.541242,15.582716,0.072765,1.078475,0.005054,-0.665123,0.153369,0.002849
25.15,0.02963,0.064413,0.039843,0.037734,2.5329,3.800565,1.030652,0.785236,1.484336,1.140969,0.540005,2.173939,0.321491,1.860368,0.746982,0.058141
8.16,0.030898,0.052939,0.022647,0.217282,1.926472,3.324121,0.40989,0.142201,2.212625,2.040838,0.416348,1.713351,0.132843,-8.60148,1.316408,0.055898
14.33,0.009016,0.009607,0.014848,0.052676,2.52067,3.399068,0.220076,0.171168,13.746254,13.380255,0.061516,1.065549,-0.042294,3.207899,0.42233,0.005949
16.98,0.085043,0.135595,0.211354,0.22667,1.654985,1.357856,0.562661,0.375184,2.223532,1.688567,0.372814,1.594424,0.246499,0.695629,0.399327,0.138214
20.3,0.039083,0.046686,0.096075,0.085949,2.029982,5.37369,0.722726,0.454721,3.86883,3.481089,0.162849,1.194527,0.073814,-0.551169,0.243558,0.034591
30.49,0.045411,0.10837,0.119484,0.119802,4.097246,0.558227,0.546146,0.379049,1.482837,0.516755,0.580962,2.386421,0.481182,10.251595,2.406577,0.085936
9.32,0.039932,0.046509,0.062634,0.054891,5.737879,5.667304,1.265074,0.727468,4.315367,3.52479,0.141417,1.164709,0.141644,-0.671842,0.201252,0.048777
14.62,0.064147,0.128237,0.407459,0.360263,71.480951,289.984586,1.459625,0.178055,0.798928,0.797554,0.499781,1.999123,0.205977,-0.597242,-0.25048,0.096376
19.02,0.068553,0.095396,0.17447,0.182719,1.886566,1.044589,0.526993,0.375181,2.747376,2.046777,0.281387,1.391569,0.2839,1.971109,0.396717,0.08046
15.63,0.058003,0.080614,0.130672,0.110495,2.953087,2.400613,0.686432,0.524935,2.833403,2.227568,0.28049,1.389835,0.135158,0.546618,0.353803,0.0576
10.46,0.050633,0.087671,0.054549,0.066791,15.173339,4.686237,1.653262,0.758075,1.249754,0.904081,0.422468,1.731506,0.095408,-0.363408,0.028286,0.074026
20.48,0.016438,0.022929,0.039207,0.042504,5.919459,0.729911,0.52213,0.386744,5.317895,3.112597,0.283091,1.394876,0.06325,-2.178049,0.407233,0.018498
7.4,0.011491,0.017696,0.010087,0.012434,3.169323,4.120947,1.243784,0.924203,2.136485,1.578338,0.350615,1.539917,0.151323,-0.879424,0.121939,0.007464
21.2,0.016497,0.020468,0.019442,0.039151,2.151619,3.960077,0.539587,0.421367,4.412695,3.976899,0.194031,1.240742,0.049723,10.644816,0.73199,0.01214
26.18,0.02318,0.023439,0.121616,0.266581,7.012426,0.884373,0.100443,0.086951,144.000052,135.603036,0.011054,1.011177,-0.018668,-0.477605,-0.445175,0.013989
15.43,0.076682,0.099846,0.130818,0.118646,3.756269,5.125984,1.071966,0.646311,2.853101,2.430289,0.231992,1.30207,0.198993,-0.039105,0.199387,0.050145
41.25,0.028979,0.054753,0.013488,0.01532,739.144694,17.727934,2.914663,1.891654,1.594719,1.358936,0.47072,1.889358,0.278435,-0.179298,1.148695,0.042693
14.86,0.043042,0.058475,0.126667,0.121628,2.200977,2.734036,0.791311,0.353883,1.929649,1.666092,0.263922,1.358551,0.181719,-0.382736,0.115769,0.041581
52.44,0.076404,0.224444,0.126375,0.11332,3.172525,1.363434,0.866454,0.674229,1.21533,0.72531,0.659586,2.937596,0.443351,0.055121,0.373296,0.257647
8.66,0.081329,0.098498,0.173897,0.155243,3.796486,1.81055,0.762901,0.523882,4.876758,3.710432,0.174314,1.211115,0.124311,-0.13256,-0.067944,0.074964
18.27,0.106031,0.133104,0.143265,0.123675,2.72103,30.642177,1.04082,0.857336,4.049714,3.95687,0.2034,1.255335,0.085578,0.542236,1.216256,0.110213
18.99,0.039255,0.065914,0.046915,0.050636,4.180968,1.864201,1.191034,0.775227,1.668217,0.873244,0.404454,1.679132,0.070169,-0.443432,0.023572,0.059183
20.7,0.040993,0.063225,0.091976,0.071086,3.283355,5.830314,1.124169,0.576667,1.570332,1.361534,0.351636,1.542343,0.072103,0.88185,0.265131,0.041167
28.68,0.078961,0.115143,0.187326,0.162981,1.97441,0.963887,0.649245,0.484481,2.513029,1.568445,0.314234,1.458222,0.483883,0.275209,0.338355,0.115432
23.87,0.069663,0.073078,0.23334,0.310458,3.994121,3.020355,0.320559,0.224389,21.260634,20.628147,0.046732,1.049023,0.0882,-1.019365,-0.608544,0.059913
26.89,0.046391,0.05552,0.14286,0.211492,1.036782,2.366306,0.383831,0.219352,3.993292,3.652415,0.164421,1.196775,1.198415,3.592246,2.111327,0.030682
40.67,0.070869,0.081448,0.227909,0.240792,5.810612,0.764099,0.575769,0.294317,10.497355,9.700994,0.129884,1.149272,0.056328,0.696773,0.236773,0.060072
9.66,0.082062,0.121323,0.113124,0.111596,7.807505,2.542832,1.310479,0.73535,6.950143,4.264347,0.323611,1.478439,0.070835,-0.002976,0.039009,0.082671
10.75,0.044328,0.056967,0.034736,0.027943,6.911287,57.374539,2.425428,1.586402,3.004505,2.89876,0.221861,1.285117,0.052992,-0.180532,0.339797,0.044425
11.14,0.062013,0.093611,0.080636,0.082999,3.749908,6.662365,1.277157,0.747157,1.844948,1.564423,0.337546,1.509539,0.284577,-0.418101,-0.129934,0.103279
19.77,-0.095561,-0.118385,-0.218583,-0.208242,3.653625,2.255263,0.620723,0.458895,3.835086,2.903908,0.192794,1.238841,-0.058278,0.247496,0.32194,-0.105854
15.16,0.038103,0.071723,0.046865,0.037179,5.079911,5.242062,1.582905,1.024855,1.466438,1.116734,0.468748,1.882346,0.143468,-0.506968,0.055867,0.077264
68.61,0.110949,0.152648,0.10658,0.088662,3.838453,8.976579,1.608487,1.251365,2.91951,2.590498,0.273174,1.375845,0.149187,0.362692,0.006027,0.126255
25.17,0.089745,0.103603,0.197821,0.182965,2.840651,8.861212,0.605002,0.490501,6.061036,5.834572,0.133763,1.154419,0.09549,0.591999,0.348047,0.087782
20.93,0.064773,0.077573,0.132353,0.130111,5.368346,2.594351,0.677431,0.497824,5.196355,4.485369,0.16501,1.19762,0.088154,-0.655794,0.048985,0.062731
18.66,0.041955,0.047831,0.031342,0.110605,1.882179,1.510811,0.442378,0.379318,8.167188,6.985516,0.122863,1.140073,0.06312,0.922594,0.153165,0.031343
10.79,0.026171,0.035513,0.045869,0.047296,1.226848,2.801101,0.682431,0.553355,3.082508,2.574483,0.263052,1.356947,0.210076,1.819648,0.577134,0.036821
20.69,0.072761,0.080637,0.146825,0.157905,1.989313,3.667506,0.572592,0.460788,8.238573,7.446682,0.09768,1.108254,-0.038067,0.147563,0.160652,0.053093
22.45,0.010588,0.022303,0.01261,0.021299,1.396992,3.836191,0.665041,0.497124,1.429861,1.236595,0.525259,2.106411,0.196122,-1.929065,0.571198,0.011527
18.21,0.032168,0.045721,0.080313,0.068305,7.24674,2.793092,1.698178,0.47095,1.568214,1.237495,0.296424,1.421311,0.318212,0.351868,0.652035,0.029103
25.66,0.070029,0.089627,0.187716,0.163536,5.426894,0.828983,0.617865,0.428215,3.412649,2.292962,0.21867,1.279869,0.159929,1.959422,-0.144434,0.098451
15.15,-0.069002,-0.111545,-0.380474,-0.358484,1.580468,2.312802,0.530048,0.192484,0.969386,0.733946,0.381393,1.616535,1.097627,3.985825,-0.079677,-0.100351
31.48,0.092144,0.110413,0.226174,0.182892,6.091094,2.414376,0.728812,0.503816,4.210825,3.310088,0.165461,1.198266,0.143834,0.194212,0.106008,0.068272
12.12,0.091057,0.11309,0.251305,0.229456,4.446968,2.83359,1.264708,0.396838,1.916396,1.406736,0.194828,1.24197,0.12757,0.034862,0.152385,0.096568
13.8,0.12408,0.14533,0.265652,0.319586,4.038615,3.278339,0.508196,0.388252,6.340738,5.805355,0.146221,1.171264,0.132063,0.475888,0.13191,0.133262
13.83,0.013209,0.018338,0.027671,0.026819,3.000495,1.402757,0.77004,0.492523,2.286881,1.31363,0.279686,1.388283,0.132125,-1.117105,-0.248096,0.01628
11.21,0.049557,0.069125,0.111371,0.106924,2.87984,2.570892,0.837616,0.463483,1.958143,1.496982,0.283071,1.394838,0.338065,1.35596,0.172274,0.053586
13.14,0.056348,0.12025,0.181787,0.141783,3.371546,43.722035,0.752121,0.397424,1.180336,1.166442,0.531411,2.134069,0.572538,-0.541596,-0.143006,0.120706
13.38,0.055343,0.079376,0.170787,0.155862,1.144103,1.626881,0.52018,0.355076,2.286327,1.779697,0.302773,1.434254,0.704912,0.426369,0.455737,0.061628
9.91,0.025992,0.027058,0.024668,0.11491,1.249963,2.940999,0.255348,0.226196,24.06742,22.872568,0.0394,1.041016,0.009211,3.679641,1.50403,0.002266
17.57,0.037011,0.055478,0.038613,0.05514,1.996094,3.993178,0.975644,0.671211,2.149499,1.763975,0.332871,1.49896,0.002977,-0.50341,0.187762,0.039272
28.44,0.030013,0.039576,0.068311,0.067067,3.284613,2.854348,0.877733,0.447512,2.857794,2.20828,0.241624,1.318607,-0.00519,-0.19514,0.286883,0.029766
30.17,0.133858,0.145198,0.221856,0.191617,8.204982,5.17813,1.166755,0.698574,9.231656,7.899675,0.078098,1.084714,0.169207,0.479058,0.496578,0.145826
27.93,0.015432,0.02487,0.023399,0.024184,2.375751,2.842801,0.85122,0.638129,1.992989,1.541942,0.379474,1.611536,0.000148,-1.403203,-0.081908,0.019023
15.19,0.029825,0.031718,0.061275,0.127035,0.965335,1.772123,0.303809,0.234779,13.035216,12.325674,0.059685,1.063473,-0.010978,-2.908199,-0.291828,0.027427
32.33,0.095565,0.123596,0.124639,0.182306,2.340944,1.82012,0.655857,0.5242,3.695129,2.97087,0.2268,1.293326,0.158472,0.655774,0.818043,0.112405
12.33,0.104019,0.113524,0.211371,0.187259,6.115409,3.316631,1.188925,0.55548,7.064705,5.594139,0.083728,1.091379,-0.085124,0.2814,0.132449,0.061835
25.44,0.046345,0.088385,0.082918,0.085376,1.855881,2.064648,0.602623,0.542833,1.968343,1.53223,0.475646,1.907109,0.418303,0.159936,0.615399,0.074359
16.15,0.137577,0.150112,0.292758,0.334145,1.21547,2.911566,0.491436,0.411727,10.351514,9.602784,0.083508,1.091117,0.196878,0.376688,-0.044694,0.143088
16.25,0.032539,0.04428,0.092022,0.085272,1.656868,1.23797,0.438254,0.381596,3.561742,2.615744,0.265145,1.360813,0.062741,-0.251254,0.131757,0.041409
11.86,0.006945,0.009412,0.008579,0.012817,2.032313,5.733144,0.667701,0.5419,3.152486,2.896719,0.262064,1.355132,-0.081489,-1.959525,0.733676,0.001577
9.79,0.02031,0.031409,0.082055,0.081075,1.118552,0.724886,0.351359,0.250504,2.193673,1.460728,0.353386,1.546517,0.136236,-0.959911,0.433059,0.029062
11.4,0.002283,0.00269,-0.020434,0.005537,9.153931,1.580654,0.737045,0.412258,3.693375,2.266421,0.151444,1.178472,-0.002965,-1.91345,-0.097845,0.000645
12.03,0.060951,0.088573,0.184318,0.20358,2.226494,1.315917,0.590651,0.299398,1.938182,1.387556,0.311849,1.45317,0.338873,-0.155569,0.558248,0.086024
14.84,0.005929,0.007586,0.00338,0.006145,7.539488,2.473455,1.337036,0.964816,3.353514,1.776322,0.218475,1.27955,-0.116357,5.153433,0.091372,0.005906
12.58,0.061548,0.117407,0.140996,0.118018,1.079889,45.774665,0.63297,0.521515,1.800072,1.782398,0.475774,1.907574,0.081843,0.105572,1.107471,0.096574
24.91,0.107692,0.120456,0.28846,0.294988,3.977613,1.939148,0.663536,0.365072,6.097403,4.948736,0.105962,1.118521,0.194311,0.390616,0.191796,0.100898
22.88,0.125105,0.138791,0.276783,0.301458,15.503771,2.267721,0.513167,0.415001,8.201365,7.519764,0.098606,1.109393,0.223958,-0.100638,0.011161,0.082825
45.87,0.06966,0.119131,0.140147,0.122546,1.218008,3.730942,0.616024,0.56844,2.239991,1.998446,0.415265,1.710176,0.282788,0.771525,0.629714,0.105361
25.07,0.088483,0.129326,0.364536,0.320321,2.574697,2.734412,0.639962,0.276234,3.209969,2.933176,0.315808,1.461579,0.100686,-0.556747,-0.282174,0.116146
13.05,0.094925,0.135869,0.143384,0.142953,1.484345,7.399019,0.788918,0.66403,2.800351,2.603559,0.301351,1.431335,0.115055,7.756416,1.2646,0.1215
31.6,0.108817,0.119058,0.396631,0.329905,1.271255,0.700363,0.338502,0.329842,11.93368,8.850124,0.086017,1.094112,0.051056,-0.081093,0.548757,0.108189
13.68,0.027966,0.040838,0.048516,0.059476,2.414288,2.239314,0.820961,0.470206,2.211037,1.561222,0.315203,1.460288,0.528056,-0.408129,0.228704,0.016103
17.2,0.059629,0.144542,0.141993,0.122206,4.255832,10.184953,0.758449,0.487941,1.106325,1.045597,0.587461,2.424012,0.602972,2.940931,1.597775,0.134886
43.01,0.081995,0.097282,0.38255,0.335787,7.909949,0.915791,0.397023,0.244187,4.11122,3.338966,0.157143,1.18644,0.292079,0.34615,0.087005,0.055427
15.49,0.064635,0.109001,0.091749,0.103101,2.001171,1.782713,0.759679,0.626914,2.121468,1.539019,0.407021,1.686401,0.300506,1.846315,1.024514,0.085105
16.83,0.029369,0.046686,0.028954,0.080871,1.929277,12.583477,0.596895,0.363153,2.153441,2.088939,0.370925,1.589636,0.154755,46.960372,1.005613,0.04427
41.86,0.030239,0.034372,0.099966,0.076541,17.606899,2.758979,0.502876,0.428192,14.889357,13.999062,0.074,1.079913,0.108264,-0.117991,-0.181089,0.113285
23.64,0.059987,0.090067,0.12516,0.119707,2.360341,1.579333,0.587519,0.501115,2.553926,1.854559,0.33397,1.501434,0.198118,-0.474515,-0.001414,0.088326
29.51,0.036011,0.040693,0.087309,0.088727,1.885144,5.941473,0.490718,0.405866,8.524543,8.059822,0.115053,1.130012,0.012877,22.263805,0.624929,0.035702
19.97,0.103722,0.141885,0.190824,0.173293,2.461199,7.800223,0.815808,0.598531,2.95242,2.735028,0.268973,1.367939,0.259298,-0.092432,0.059869,0.104489
26.93,0.08508,0.099086,0.240201,0.219848,3.594892,2.829786,0.501412,0.386995,6.503175,5.742714,0.141352,1.164622,0.160044,0.345035,0.263334,0.084975
16,0.046421,0.048889,0.11159,0.102617,9.214473,9.917926,0.721026,0.45237,25.659857,24.095085,0.050482,1.053166,0.033579,0.085769,0.052497,0.038519
23.48,0.086587,0.092214,0.43695,0.457119,73.908551,2.008196,0.22157,0.18942,14.102642,13.602129,0.061019,1.064985,0.113237,0.420872,0.224244,0.069706
9.83,0.057713,0.066738,0.192149,0.139425,10.535816,1.612754,0.493431,0.413934,8.110788,6.638878,0.135233,1.15638,0.06608,-1.545187,-0.660115,0.049919
14.15,0.019244,0.026903,0.020513,0.157313,2.80052,0.643756,0.245516,0.122332,5.13751,3.971914,0.284681,1.397977,0.358349,-5.924715,0.263819,0.022407
17.48,0.055064,0.062786,0.4081,0.337327,0.559529,1.27162,0.213995,0.163236,7.25707,6.724383,0.122989,1.140236,0.108479,8.03868,2.669038,0.049484
17.87,-0.045695,-0.074849,-0.236388,-0.204272,0.6237,0.601303,0.234495,0.223697,2.780682,2.184347,0.3895,1.638,0.026908,4.389876,-0.601982,-0.069636
16.5,0.019005,0.025258,0.106465,0.122869,3.834682,0.714672,0.208055,0.154679,3.003239,2.518285,0.247551,1.328993,0.256839,-0.475826,0.389125,0.014151
18.35,0.094986,0.101999,0.341039,0.294928,21.710471,1.982342,0.417475,0.322065,11.220274,10.147842,0.068756,1.073832,0.039051,0.725413,0.725986,0.088876
24.87,0.023636,0.025318,0.221627,0.245507,0.894677,0.419807,0.1074,0.096273,13.487775,11.754458,0.06646,1.071191,-0.016928,-0.140448,-0.277213,0.009696
17.9,0.0702,0.075181,0.541466,0.494229,3.774841,2.036883,0.207934,0.14204,12.182467,11.901779,0.066243,1.070942,0.072964,-0.465627,-0.326753,0.062537
24.97,0.06721,0.081803,0.155254,0.157424,2.686568,1.979056,0.682964,0.426936,4.25462,3.223886,0.178394,1.217129,0.156756,-0.623861,0.109376,0.068701
12.13,0.084654,0.103695,0.130083,0.1063,2.112795,4.465014,1.203324,0.796369,3.808066,3.060463,0.183623,1.224924,-0.07266,0.388995,0.093254,0.08627
26.66,0.037873,0.053279,0.070772,0.062671,9.14859,3.825493,1.44672,0.604322,1.818783,1.251544,0.289153,1.406772,0.035898,-0.410839,0.324998,0.045683
13.84,0.04476,0.065648,0.086319,0.074847,4.77332,5.268816,1.084365,0.598022,1.777548,1.496016,0.318179,1.466661,0.316556,0.657247,0.350543,0.048377
23.68,0.03562,0.042471,0.078172,0.09381,3.331806,3.296666,0.483007,0.379705,4.8848,4.454581,0.161314,1.192341,0.007188,47.195372,0.354753,0.033111
11.06,0.044212,0.086892,0.067209,0.057006,3.04828,8.020821,1.001943,0.775566,1.575904,1.407006,0.491186,1.965354,0.181488,-0.296907,0.475966,0.082306
60.26,0.104832,0.125843,0.507791,0.505597,3.52393,2.00834,0.339223,0.207343,13.176178,12.608714,0.166959,1.200421,0.299232,1.80822,0.887305,0.094777
14.94,0.041592,0.04587,0.070875,0.078179,6.508616,2.935724,0.589798,0.53201,9.744348,8.515438,0.093252,1.102842,0.02412,-0.648708,-0.105963,-0.00305
18.15,0.06763,0.085657,0.111224,0.107163,3.880372,5.696938,1.2162,0.631098,3.287397,2.78077,0.21045,1.266544,0.004892,-0.527739,-0.326631,0.071066
9.38,0.048742,0.062135,0.089478,0.09679,4.277463,1.660471,0.76312,0.503585,3.071109,2.084838,0.215544,1.274769,0.040434,0.043447,-0.002363,0.053695
19.06,0.037736,0.054717,0.069065,0.105867,1.275495,2.932411,0.428109,0.356448,2.796296,2.486579,0.310339,1.449987,0.033659,0.982608,0.726327,0.013633